{
  "c0":-7.406535079867923,
  "c1_0":-1.9133575519811665,
  "c2_01nn_0_00":0.2801515475837988,
  "c2_02nn_0_00":0.18443393372621517,
  "c2_06nn_0_00":0.06487167645165932,
  "c2_07nn_0_00":-0.10664152414515543,
  "c2_08nn_0_00":-0.07636213563463456,
  "c2_09nn_0_00":0.0671302800047996,
  "c3_03nn_1_000":-0.27581622406592243,
  "c3_06nn_0_000":-0.029805514203850768,
  "c3_08nn_9_000":0.004237542780810132,
  "c3_09nn_10_000":-0.04096271379313101,
  "c3_10nn_0_000":-0.082562645208192,
  "c3_10nn_10_000":0.3254426740723331,
  "c3_10nn_11_000":0.0034168284974381985,
  "c3_10nn_3_000":-0.03203894814453019,
  "c3_10nn_8_000":-0.14126582074036262,
  "c3_10nn_9_000":-0.12102638432013799,
  "c4_02nn_0_0000":0.09807289631785918,
  "c4_03nn_0_0000":0.07178670795047266,
  "c4_03nn_2_0000":0.03809874094399851,
  "c4_03nn_3_0000":-0.024070668954519116,
  "c4_03nn_5_0000":0.014829343725019208,
  "c4_04nn_0_0000":0.025821441062998066,
  "c4_04nn_3_0000":-0.12408044167643278,
  "c4_04nn_4_0000":0.14646473710822083,
  "c4_04nn_5_0000":0.08132539490251188,
  "c4_04nn_7_0000":-0.12592855939982484,
  "c4_04nn_8_0000":-0.1467340683016091,
  "c4_05nn_10_0000":0.030227183396536964,
  "c4_05nn_6_0000":0.18806730443029096,
  "c4_05nn_9_0000":0.00263741703558076
}