{"inv_variance": 11400.60793320601, "gammas": [54.614429549822106, 3.8188887361271577, 0.056093983345667606, 0.013912464729204387, 0.0, 0.0, 0.0008204689195463806, 0.0, 0.005830517458876544, 0.0037757583665846885, 0.012149101132572419, 0.01560112530675954, 0.06226310252851826, 0.0, 0.033110705406658954, 0.0, 0.0013435044845048491, 0.0, 0.0, 0.0, 0.0010202829914205968, 0.0, 0.00281766283871981, 0.0, 0.0015449135062377375, 0.009343244315441809, 0.0, 0.0, 0.00340016414583224, 0.0, 0.0011212123501601725, 0.0, 0.0, 0.006161216180015051, 0.0, 0.0, 0.004247694130182436, 0.0, 0.0, 0.0, 0.0, 0.0, 0.0, 0.02072513266232343, 0.002471730110796323, 0.0, 0.0, 0.0, 0.00311927746713812, 0.0, 0.0, 0.0, 0.002775548079088295, 0.0, 0.0, 0.0, 0.0, 0.000196869524900394, 0.0, 0.0006604253050355153, 0.0, 0.0, 0.0032643810708196147, 0.04131911337398325, 0.0, 0.0, 0.0], "shape_var": 0.5, "rate_var": 0.5, "shape_lamb": 0.5, "lamb": 0.0, "maxiter": 100000, "output_rate_sec": 2, "select_strategy": "max_increase", "noise": 0.05, "lamb_opt_start": 200}