{"inv_variance": 4000000.0, "gammas": [63.3012250312956, 4.335700588390518, 0.06721885357707738, 0.00893415632358932, 0.0026778586436267795, 0.3690036721171041, 0.0010470451241562843, 0.005968734423052048, 0.016660162255729947, 0.1289251904846945, 0.12629407463168682, 0.10181505271720342, 0.18203460541666278, 0.011324097730263138, 0.008549325973048605, 0.01761023912920449, 0.06686895960622335, 0.6384287846465517, 0.003182011515708171, 0.05609427987327759, 0.0018367112429644227, 0.027783211348083516, 0.015214939267136315, 0.005490864318509707, 0.004362535791296571, 0.004614974493382282, 0.005445304032498073, 0.07606607424402761, 0.1133736473157172, 0.00600113776235449, 0.4318728525993891, 0.003499490308354966, 0.1243249581327293, 0.05133074160608365, 0.0, 0.006337874416391613, 0.046534523733203145, 0.05137535660733652, 0.009141082217274247, 0.015420888299261309, 0.0771266283778866, 0.059714685539658474, 0.0675881782945217, 0.001605991714121942, 0.0028860532270789567, 0.18203061851831692, 0.17741259072579466, 0.2576790459781697, 0.08833883277134925, 0.012992015653141804, 0.14863446774701586, 0.005174863265193783, 0.07403905549417963, 0.007668441526890588, 0.08149231235921786, 0.1303867423745751, 0.48711284822366907, 0.06523727628807481], "shape_var": 0.5, "rate_var": 0.5, "shape_lamb": 0.5, "lamb": 0.0, "maxiter": 100000, "output_rate_sec": 2, "select_strategy": "max_increase", "noise": 0.0005, "lamb_opt_start": 200}