{"inv_variance": 15625.0, "gammas": [63.56409313909287, 2.7106816448493958, 0.06393350092762488, 0.00609925278150072, 0.013074952349918765, 0.06229941912035718, 0.0, 0.01418224460199098, 0.0813751549635412, 0.0, 0.0, 0.14551220950404326, 0.009329036652928516, 0.0, 0.004253086932485091, 0.004329575768450801, 0.013900170528638985, 0.0017587999585147015, 0.0028010550861096014, 0.0003428215897228482, 0.0, 0.002419790745293444, 0.0, 0.0, 0.02148607747827172, 0.0033238833260508683, 0.0, 0.0, 0.0, 0.008203374315581125, 0.0, 0.0, 0.0, 0.011928567993181033, 0.010037719151795993, 0.0, 0.0, 0.021665531549230305, 0.020287244070145947, 0.0], "shape_var": 0.5, "rate_var": 0.5, "shape_lamb": 0.5, "lamb": 0.0, "maxiter": 100000, "output_rate_sec": 2, "select_strategy": "max_increase", "noise": 0.008, "lamb_opt_start": 200}