{"inv_variance": 4702.119690058022, "gammas": [54.88027127818697, 3.3799632195712443, 0.10683045514564408, 0.019047213976179287, 0.040520949079034835, 0.0015403424100489873, 0.003238835962002165, 0.03741527150929794, 0.12110628350586354, 0.1127089992379494, 0.0, 0.0014917296082726298, 0.004448960169761476, 0.003451779390702684, 0.026419724852846632, 0.007631339454206585, 0.003397980742604459, 0.02837193411685226, 0.012449351049336857, 0.027574667050699997, 0.018379107429315426, 0.0013532922035946434, 0.020145580058306738, 0.04041744585739278, 0.04223850851661209], "shape_var": 0.5, "rate_var": 0.5, "shape_lamb": 0.5, "lamb": 0.0, "maxiter": 100000, "output_rate_sec": 2, "select_strategy": "max_increase", "noise": 0.005, "lamb_opt_start": 200}