{
  "c0":-7.390055464910845,
  "c1_0":-2.017856859124969,
  "c2_01nn_0_00":0.34067217969833824,
  "c2_02nn_0_00":0.11576573056397489,
  "c2_05nn_0_00":0.05461985117565336,
  "c3_02nn_0_000":0.10914111072130575,
  "c3_03nn_0_000":-0.06472290682937608,
  "c3_03nn_1_000":-0.13208686258613636,
  "c3_03nn_2_000":-0.1652320949550243,
  "c3_04nn_0_000":0.20404311847234777,
  "c3_04nn_2_000":-0.06712691932164008,
  "c3_05nn_0_000":-0.05500869818219147,
  "c3_06nn_0_000":-0.013766166383376965,
  "c3_06nn_2_000":-0.061093050119768656,
  "c4_02nn_0_0000":0.04578508135455499,
  "c4_03nn_0_0000":0.13221934576225497,
  "c4_03nn_3_0000":-0.06833114023317442,
  "c4_03nn_5_0000":0.060802133470157255,
  "c4_04nn_11_0000":0.0865295320504131,
  "c4_04nn_14_0000":-0.09057140312722,
  "c4_04nn_3_0000":-0.15276545199390942,
  "c4_04nn_4_0000":0.04916318145010151,
  "c4_04nn_8_0000":-0.05472244076369408,
  "c4_05nn_11_0000":-0.09300344228743956,
  "c4_05nn_16_0000":0.011323049591546196,
  "c4_05nn_2_0000":0.02418195838704198,
  "c4_05nn_5_0000":-0.06512917930624348,
  "c4_05nn_6_0000":0.23138656097440524
}