{
  "c0":-7.3945493295724924,
  "c1_0":-1.8965007569316552,
  "c2_01nn_0_00":0.1583432017063121,
  "c2_02nn_0_00":0.09096110366746817,
  "c2_04nn_0_00":-0.08428434479830861,
  "c2_05nn_0_00":0.05203643317878549,
  "c2_06nn_0_00":-0.056398058102002366,
  "c3_02nn_0_000":0.03618286363360124,
  "c3_03nn_1_000":-0.0420400015784264,
  "c3_03nn_2_000":-0.21955208037019733,
  "c3_04nn_0_000":0.20489769755290135,
  "c3_04nn_2_000":-0.013145389400464415,
  "c3_04nn_3_000":0.11210217842426948,
  "c3_05nn_0_000":-0.03433126575204332,
  "c3_06nn_0_000":0.0038609573047663414,
  "c3_06nn_1_000":-0.0006549585638494636,
  "c3_06nn_2_000":-0.021262766602092472,
  "c3_06nn_3_000":0.019834335616328712,
  "c4_02nn_0_0000":0.0684194370531017,
  "c4_03nn_0_0000":0.08890885052419599,
  "c4_03nn_1_0000":0.08523559082028001,
  "c4_03nn_2_0000":0.015524443130761888,
  "c4_03nn_3_0000":-0.08091840626637298,
  "c4_03nn_5_0000":0.06795680187364656,
  "c4_04nn_10_0000":0.00022407534999934956,
  "c4_04nn_11_0000":0.038111325218245916,
  "c4_04nn_13_0000":0.02924023468817954,
  "c4_04nn_14_0000":-0.043389884315614934,
  "c4_04nn_16_0000":-0.01404547862336666,
  "c4_04nn_3_0000":-0.150552331660974,
  "c4_04nn_4_0000":0.011413279667909918,
  "c4_04nn_7_0000":-0.061872367851711164,
  "c4_04nn_8_0000":-0.09398077733251992,
  "c4_04nn_9_0000":2.308502470491686e-06,
  "c4_05nn_11_0000":-0.06817654337950968,
  "c4_05nn_16_0000":0.018257329432457427,
  "c4_05nn_6_0000":0.12860115650671533,
  "c4_05nn_7_0000":0.021208613175011198
}