{
  "c0":-7.41539991009556,
  "c1_0":-1.7989800507889704,
  "c2_01nn_0_00":0.2056461887293932,
  "c2_03nn_0_00":-0.09151019942730888,
  "c2_04nn_0_00":-0.22794863399060258,
  "c2_06nn_0_00":-0.006937245687238739,
  "c3_03nn_0_000":-0.09043884564773085,
  "c3_03nn_1_000":-0.0916622083868237,
  "c3_03nn_2_000":-0.20261476279941024,
  "c3_04nn_0_000":0.1963621155742215,
  "c3_04nn_1_000":0.28237644482449253,
  "c3_04nn_2_000":0.035451405379401967,
  "c3_04nn_3_000":0.1781515084363294,
  "c3_05nn_2_000":0.029472824172301775,
  "c3_05nn_3_000":0.03710307031876224,
  "c3_06nn_1_000":-0.08618576998303962,
  "c3_06nn_2_000":-0.007703039881189433,
  "c3_06nn_3_000":0.09246749903723125,
  "c4_02nn_0_0000":0.07588835271373917,
  "c4_03nn_0_0000":0.22951482254496022,
  "c4_03nn_1_0000":0.08284553673826145,
  "c4_03nn_2_0000":-0.0826374625747939,
  "c4_03nn_4_0000":0.0011321847103135348,
  "c4_03nn_5_0000":-0.0041269396829799534,
  "c4_04nn_0_0000":-0.018984333991290098,
  "c4_04nn_10_0000":0.05825788808820807,
  "c4_04nn_12_0000":-0.1405351387384589,
  "c4_04nn_13_0000":0.1083117328096547,
  "c4_04nn_14_0000":-0.03572209549998404,
  "c4_04nn_15_0000":0.0021962533791457604,
  "c4_04nn_18_0000":0.052455968991819285,
  "c4_04nn_1_0000":-0.08387668451931543,
  "c4_04nn_2_0000":0.17400660786462646,
  "c4_04nn_3_0000":-0.09471744907766856,
  "c4_04nn_4_0000":-0.05949032576801572,
  "c4_04nn_5_0000":-0.007309203931141438,
  "c4_04nn_7_0000":-0.04628706126171167,
  "c4_04nn_8_0000":-0.15382349826534308,
  "c4_04nn_9_0000":-0.14410944078978055,
  "c4_05nn_0_0000":-0.13546548017045656,
  "c4_05nn_10_0000":0.15075140473212648,
  "c4_05nn_11_0000":-0.052991473957751174,
  "c4_05nn_12_0000":-0.010232206308273742,
  "c4_05nn_13_0000":-0.07324958164234148,
  "c4_05nn_14_0000":-0.026199887349265746,
  "c4_05nn_3_0000":0.1370274820962217,
  "c4_05nn_5_0000":-0.07551031254842451,
  "c4_05nn_6_0000":0.2433170633549245,
  "c4_05nn_7_0000":0.0848595703767942,
  "c4_05nn_8_0000":-0.10372490348455238,
  "c4_05nn_9_0000":-0.1069112022280498
}