{
  "c0":-7.407276572474184,
  "c1_0":-1.8161973739611865,
  "c2_01nn_0_00":0.19034363714037997,
  "c2_02nn_0_00":0.018260045005108333,
  "c2_04nn_0_00":-0.16727739067331432,
  "c2_05nn_0_00":0.016724368149514068,
  "c3_03nn_1_000":-0.1388987163594237,
  "c3_03nn_2_000":-0.1290400150644117,
  "c3_04nn_0_000":0.11572254510347275,
  "c3_04nn_1_000":0.12896250853158459,
  "c3_04nn_3_000":0.11850217213795329,
  "c3_05nn_0_000":-0.04780944784146888,
  "c3_05nn_1_000":-0.035113270079671945,
  "c3_05nn_3_000":0.027328424642779417,
  "c4_02nn_0_0000":0.11602257895768396,
  "c4_03nn_0_0000":0.13282137030873323,
  "c4_03nn_1_0000":0.008661420813783679,
  "c4_03nn_4_0000":-0.020485802541256898,
  "c4_03nn_5_0000":0.012168312187399933,
  "c4_04nn_0_0000":-0.006756045521648065,
  "c4_04nn_10_0000":0.03216753244147496,
  "c4_04nn_11_0000":0.02034275180912604,
  "c4_04nn_13_0000":0.060979766307607625,
  "c4_04nn_14_0000":-0.07578133842719101,
  "c4_04nn_15_0000":-0.05326260281756445,
  "c4_04nn_16_0000":-0.0015044595923565211,
  "c4_04nn_3_0000":-0.06960640900647007,
  "c4_04nn_4_0000":0.0007278827278092237,
  "c4_04nn_5_0000":0.0008767662467287292,
  "c4_04nn_7_0000":-0.016577292329169185,
  "c4_04nn_8_0000":-0.14973163235785006,
  "c4_05nn_10_0000":0.01068388375966646,
  "c4_05nn_11_0000":-0.06621229030327884,
  "c4_05nn_13_0000":-0.010430814458722926,
  "c4_05nn_15_0000":0.013281668215977961,
  "c4_05nn_16_0000":-0.012432257483751093,
  "c4_05nn_1_0000":0.03390421918158591,
  "c4_05nn_3_0000":0.008612538596373568,
  "c4_05nn_6_0000":0.18412522671925097,
  "c4_05nn_7_0000":0.0017228943028336301,
  "c4_05nn_9_0000":-0.04712100932620228
}