{
  "c0":-7.428365989712574,
  "c1_0":-1.6490247957898219,
  "c2_01nn_0_00":0.2905701643966113,
  "c2_02nn_0_00":0.17386329555658248,
  "c2_03nn_0_00":-0.06747836205328162,
  "c2_04nn_0_00":-0.5363749772824972,
  "c2_05nn_0_00":-0.06710634416987743,
  "c2_06nn_0_00":-0.07666040721210181,
  "c3_02nn_0_000":0.10130041720561589,
  "c3_03nn_0_000":0.39667213867127304,
  "c3_03nn_1_000":-0.3586847698120333,
  "c3_04nn_0_000":-0.3770856198716255,
  "c3_04nn_2_000":0.40200060020395556,
  "c3_04nn_3_000":0.18555778744837673,
  "c3_05nn_0_000":-0.17895328891111806,
  "c3_05nn_1_000":-0.024436774929970095,
  "c3_05nn_2_000":-0.6503736509526694,
  "c3_05nn_3_000":0.8196198536727234,
  "c3_06nn_0_000":-0.05149257467466917,
  "c3_06nn_1_000":0.2615592551006608,
  "c3_06nn_2_000":0.0550878968475681,
  "c3_06nn_3_000":-0.18587537874798984,
  "c4_03nn_0_0000":-0.14148660561902338,
  "c4_03nn_1_0000":-0.11609758038960694,
  "c4_03nn_2_0000":0.18516280459249246,
  "c4_03nn_3_0000":-0.08956687634186639,
  "c4_03nn_5_0000":0.09320889052906109,
  "c4_04nn_0_0000":0.32830159115392055,
  "c4_04nn_10_0000":0.33625508275361704,
  "c4_04nn_11_0000":-0.08267475942735913,
  "c4_04nn_12_0000":0.619223957991355,
  "c4_04nn_13_0000":0.16128305063700665,
  "c4_04nn_14_0000":-0.3892822311082206,
  "c4_04nn_15_0000":-0.33921181322518756,
  "c4_04nn_17_0000":-0.19829427970333505,
  "c4_04nn_18_0000":-0.22476311634664695,
  "c4_04nn_1_0000":0.23291006865169828,
  "c4_04nn_3_0000":-0.10078300764185429,
  "c4_04nn_5_0000":-0.21448379697655562,
  "c4_04nn_6_0000":-0.2615905081420483,
  "c4_04nn_7_0000":-0.2646163988631947,
  "c4_04nn_9_0000":0.38576148514782305,
  "c4_05nn_0_0000":-0.032413103815548405,
  "c4_05nn_10_0000":-0.09183143184071652,
  "c4_05nn_11_0000":-0.43627200441804725,
  "c4_05nn_12_0000":0.4615596371467315,
  "c4_05nn_13_0000":-0.5623676753050908,
  "c4_05nn_14_0000":0.3800755574798892,
  "c4_05nn_15_0000":0.10911107630785527,
  "c4_05nn_1_0000":0.41351012458785974,
  "c4_05nn_2_0000":-0.05854893770761843,
  "c4_05nn_3_0000":0.26291711101777626,
  "c4_05nn_4_0000":0.1730310611597341,
  "c4_05nn_6_0000":0.32950230693506305,
  "c4_05nn_7_0000":-0.42842816332620826,
  "c4_05nn_8_0000":-0.7373334169778409,
  "c4_05nn_9_0000":0.24658620169717982
}