{
  "c0":-7.385532919854521,
  "c1_0":-1.8801359918805753,
  "c2_01nn_0_00":0.15514092752555003,
  "c2_02nn_0_00":0.09481961535942497,
  "c2_05nn_0_00":0.0024311673679512924,
  "c2_06nn_0_00":-0.026811922301280877,
  "c3_03nn_0_000":0.10237595249485588,
  "c3_03nn_1_000":-0.08116707926248773,
  "c3_03nn_2_000":-0.008524788955862199,
  "c3_04nn_0_000":0.1123716149251737,
  "c3_04nn_2_000":-0.009856432396252602,
  "c3_04nn_3_000":0.01776329127381531,
  "c3_05nn_0_000":-0.0427121312074282,
  "c3_05nn_1_000":-0.15177210254973203,
  "c3_05nn_2_000":-0.05895804924406914,
  "c3_05nn_3_000":-0.019904559354224433,
  "c3_06nn_0_000":0.015347546515541776,
  "c3_06nn_1_000":-0.13405629921758186,
  "c3_06nn_2_000":-0.019555613420124886,
  "c3_06nn_3_000":0.09540211016338758,
  "c4_02nn_0_0000":0.06569330081665083,
  "c4_03nn_2_0000":0.001705082419498085,
  "c4_03nn_3_0000":-0.005434349684301375,
  "c4_03nn_4_0000":-0.046707704777897666,
  "c4_03nn_5_0000":0.011770611896508191,
  "c4_04nn_11_0000":0.019211696224747252,
  "c4_04nn_14_0000":-0.031926989676577214,
  "c4_04nn_16_0000":-0.011850667361433422,
  "c4_04nn_17_0000":0.007940191943919553,
  "c4_04nn_18_0000":0.05274011614323364,
  "c4_04nn_2_0000":0.010388611077378174,
  "c4_04nn_3_0000":-0.09939290105855532,
  "c4_04nn_4_0000":0.01824783485157737,
  "c4_04nn_5_0000":0.007340604457836461,
  "c4_04nn_7_0000":-0.1103383522559437,
  "c4_04nn_8_0000":-0.13200628598074698,
  "c4_04nn_9_0000":0.009126537613064428,
  "c4_05nn_0_0000":0.027541128932892015,
  "c4_05nn_10_0000":0.04086386940793169,
  "c4_05nn_11_0000":-0.03813227702642198,
  "c4_05nn_12_0000":0.1217694062050352,
  "c4_05nn_14_0000":0.02256475350521973,
  "c4_05nn_15_0000":0.0677228389330462,
  "c4_05nn_16_0000":0.010334968116388538,
  "c4_05nn_4_0000":0.04552222081148948,
  "c4_05nn_6_0000":0.1137339029052053,
  "c4_05nn_7_0000":0.010373750294773939,
  "c4_05nn_9_0000":0.0006546251297384075
}