{
  "c0":-7.390891042932976,
  "c1_0":-1.9479436764730134,
  "c2_01nn_0_00":0.20047081832459449,
  "c2_02nn_0_00":0.0977133801662686,
  "c2_05nn_0_00":0.0542231535641915,
  "c2_06nn_0_00":-0.0445250613939571,
  "c3_02nn_0_000":0.04205150538933634,
  "c3_03nn_1_000":-0.06981313889216006,
  "c3_03nn_2_000":-0.17320956896276285,
  "c3_04nn_0_000":0.22210241253185561,
  "c3_04nn_1_000":0.0026359820022304093,
  "c3_04nn_2_000":-0.05723063154038482,
  "c3_05nn_0_000":-0.03961281858663711,
  "c3_06nn_0_000":0.0067640085831207515,
  "c3_06nn_1_000":-0.003868548417868814,
  "c3_06nn_2_000":-0.025654682330433293,
  "c3_06nn_3_000":0.012035132495809031,
  "c4_02nn_0_0000":0.041246991156401916,
  "c4_03nn_0_0000":0.10488026635786464,
  "c4_03nn_1_0000":0.05210598288659227,
  "c4_03nn_2_0000":0.001466840151239133,
  "c4_03nn_3_0000":-0.07874608360029009,
  "c4_03nn_5_0000":0.06390412214144282,
  "c4_04nn_11_0000":0.04300816464297161,
  "c4_04nn_13_0000":0.033382170505408884,
  "c4_04nn_14_0000":-0.05168629186788892,
  "c4_04nn_16_0000":-0.0029576249079766286,
  "c4_04nn_17_0000":0.009533998627668943,
  "c4_04nn_2_0000":0.009560705939816718,
  "c4_04nn_3_0000":-0.14639267937500264,
  "c4_04nn_4_0000":0.0033725154516521393,
  "c4_04nn_6_0000":0.019916877273269892,
  "c4_04nn_7_0000":-0.033397012823128944,
  "c4_04nn_8_0000":-0.06117002043605927,
  "c4_05nn_11_0000":-0.06075356761130104,
  "c4_05nn_13_0000":-0.009677871685529933,
  "c4_05nn_15_0000":0.0048954127940501165,
  "c4_05nn_16_0000":0.012163897508607658,
  "c4_05nn_1_0000":0.01201121560455037,
  "c4_05nn_4_0000":-0.0021871646048761354,
  "c4_05nn_5_0000":-0.025619278426053466,
  "c4_05nn_6_0000":0.13661990862796397,
  "c4_05nn_7_0000":0.015695445287662604
}