{
  "c0":-7.4108352093166765,
  "c1_0":-1.7260551020383823,
  "c3_03nn_1_000":-0.12135977923660404,
  "c4_02nn_0_0000":0.09261364094311593,
  "c4_03nn_1_0000":0.023667393423715693,
  "c4_03nn_3_0000":-0.022552770682863738,
  "c4_04nn_14_0000":-0.09143823069956646,
  "c4_04nn_16_0000":-0.005777762784928382,
  "c4_04nn_6_0000":0.07942738295580148,
  "c4_04nn_8_0000":-0.03973583580562704,
  "c4_04nn_9_0000":0.17672249743872614,
  "c4_05nn_16_0000":-0.014972432593954902,
  "c4_05nn_3_0000":0.04771165711831181,
  "c4_05nn_9_0000":-0.013373509408152136
}