{
  "c0":-7.4034415403033265,
  "c1_0":-1.8766071815672865,
  "c2_01nn_0_00":0.32608485547719657,
  "c2_02nn_0_00":0.16716367973079443,
  "c2_04nn_0_00":-0.1498245047068546,
  "c2_05nn_0_00":-0.035457696329253684,
  "c2_06nn_0_00":0.04767930276893331,
  "c3_03nn_0_000":-0.18692472531847656,
  "c3_03nn_1_000":-0.3451699213567507,
  "c3_04nn_1_000":0.2961088728849867,
  "c3_05nn_0_000":-0.03825327521005381,
  "c3_06nn_0_000":-0.06581519923385566,
  "c3_06nn_2_000":-0.04763776610517467,
  "c4_03nn_1_0000":0.16958949613628013,
  "c4_04nn_14_0000":-0.09003132599328015,
  "c4_04nn_15_0000":-0.04821756356147083,
  "c4_04nn_1_0000":0.14823482381067166,
  "c4_04nn_3_0000":-0.11613226253121396,
  "c4_04nn_4_0000":0.15989587739588776,
  "c4_04nn_7_0000":-0.10433840704458458,
  "c4_05nn_16_0000":0.033637310163255024,
  "c4_05nn_3_0000":0.1366019494869981,
  "c4_05nn_5_0000":-0.1895589114974663,
  "c4_05nn_6_0000":0.1937915060079425
}