{
  "c0":-7.410091243107992,
  "c1_0":-1.8808492966977415,
  "c2_01nn_0_00":0.27307028552903384,
  "c2_02nn_0_00":0.17868152730893783,
  "c2_06nn_0_00":0.05933699584479389,
  "c2_07nn_0_00":-0.15032281618388224,
  "c2_08nn_0_00":-0.08663490573303234,
  "c3_03nn_1_000":-0.227105986624742,
  "c3_06nn_0_000":-0.025574860863740966,
  "c3_06nn_2_000":-0.05656326265696468,
  "c3_10nn_10_000":0.19816567722795614,
  "c3_10nn_11_000":0.11582920115679393,
  "c3_10nn_8_000":-0.07512414985145957,
  "c3_10nn_9_000":-0.08872595058465223,
  "c4_02nn_0_0000":0.11555768413367773,
  "c4_03nn_0_0000":0.05469519815717188,
  "c4_03nn_2_0000":0.0354744528446231,
  "c4_03nn_3_0000":-0.03242332918876149,
  "c4_03nn_5_0000":0.009820535729894268,
  "c4_04nn_2_0000":-0.03746680763602392,
  "c4_04nn_3_0000":-0.15494694614109733,
  "c4_04nn_4_0000":0.16462470157555972,
  "c4_04nn_7_0000":-0.07982454999425417,
  "c4_04nn_8_0000":-0.09226174898355113,
  "c4_05nn_6_0000":0.17011208576729608
}