{
  "c0":-7.409598415602102,
  "c1_0":-1.8592783926999488,
  "c2_01nn_0_00":0.2659089121211837,
  "c2_02nn_0_00":0.12945570121523226,
  "c2_03nn_0_00":0.12015728805448052,
  "c2_04nn_0_00":-0.2603648822673663,
  "c3_03nn_0_000":-0.19926980261865793,
  "c3_03nn_1_000":-0.29100385957102975,
  "c3_04nn_1_000":0.37454111862655776,
  "c3_04nn_2_000":0.00967263780849532,
  "c4_02nn_0_0000":0.10112710055644328,
  "c4_03nn_0_0000":0.03603488013755355,
  "c4_03nn_1_0000":0.09294814341603233,
  "c4_03nn_2_0000":0.03811527073187228,
  "c4_03nn_3_0000":-0.039035848106690134,
  "c4_03nn_4_0000":0.024433961097886498,
  "c4_04nn_0_0000":0.06551534022429073,
  "c4_04nn_12_0000":0.0435294114124133,
  "c4_04nn_13_0000":0.055447941521981174,
  "c4_04nn_17_0000":0.02284968660115627,
  "c4_04nn_3_0000":-0.11526563408224355,
  "c4_04nn_4_0000":0.11215474830608989,
  "c4_04nn_7_0000":-0.14778068885831025,
  "c4_04nn_8_0000":-0.19620702306538043
}
