{
  "c0":-7.389122200343088,
  "c1_0":-1.9025951387508693,
  "c2_01nn_0_00":0.18555595715606363,
  "c2_02nn_0_00":0.07539754738659322,
  "c2_03nn_0_00":-0.004708291097682684,
  "c2_05nn_0_00":-0.0065861259526230915,
  "c2_06nn_0_00":0.0176806775547453,
  "c3_03nn_0_000":0.09728704273695425,
  "c3_03nn_1_000":-0.1147498087639275,
  "c3_03nn_2_000":0.013749479198885448,
  "c3_04nn_0_000":0.030673054229993908,
  "c3_04nn_1_000":0.06406611103066676,
  "c3_04nn_3_000":0.030246574862262225,
  "c3_05nn_0_000":-0.04101829407093781,
  "c3_05nn_1_000":-0.04959245271366319,
  "c3_05nn_2_000":-0.0976753145500501,
  "c3_06nn_1_000":-0.16803273059687268,
  "c3_06nn_2_000":-0.03479879903576114,
  "c3_06nn_3_000":0.1035032079979821,
  "c4_02nn_0_0000":0.09257871760564673,
  "c4_03nn_0_0000":-0.03067559448413892,
  "c4_03nn_3_0000":-0.004548306503525248,
  "c4_03nn_4_0000":-0.026277095579398977,
  "c4_03nn_5_0000":-0.009688094862240322,
  "c4_04nn_14_0000":-0.052915273672244446,
  "c4_04nn_16_0000":-0.01606117549631574,
  "c4_04nn_18_0000":0.10953276940941017,
  "c4_04nn_3_0000":-0.051300919079920806,
  "c4_04nn_4_0000":0.047148278869704165,
  "c4_04nn_5_0000":0.048743888111082406,
  "c4_04nn_7_0000":-0.1262283268295866,
  "c4_04nn_8_0000":-0.2055467144205109,
  "c4_05nn_0_0000":0.028772863806761473,
  "c4_05nn_11_0000":-0.03920190271331087,
  "c4_05nn_12_0000":0.11345871955034853,
  "c4_05nn_14_0000":0.033891479304115776,
  "c4_05nn_15_0000":0.01889618152685342,
  "c4_05nn_16_0000":0.02601006097157136,
  "c4_05nn_1_0000":0.0036732717896078766,
  "c4_05nn_4_0000":0.013568559622308738,
  "c4_05nn_6_0000":0.15434905305072646,
  "c4_05nn_9_0000":0.019779825943597253
}